"name","img"
" Kestrel Templar","https://cdne-g01-livepc-wu-itemsthumbnails.azureedge.net/ExportedAssets/Weapon_Weapon_SR01_V_13A_hd.png"
" Pink Fury Visor","https://cdne-g01-livepc-wu-itemsthumbnails.azureedge.net/ExportedAssets/CustomizationItemTemplate_CIT_Eyewear_Visor04_12A_hd.png"
"2.5x - 4x Adjustable Advanced Combat Scope for AZV 100","https://cdne-g01-livepc-wu-itemsthumbnails.azureedge.net/ExportedAssets/WeaponAttachment_DA_WA_SMG01_SGT_ACG_02_hd.png"
"2.5x - 4x Adjustable Advanced Combat Scope for Boomslang","https://cdne-g01-livepc-wu-itemsthumbnails.azureedge.net/ExportedAssets/WeaponAttachment_DA_WA_LMG02_SGT_ACG_02_hd.png"
"2.5x - 4x Adjustable Advanced Combat Scope for Hawk","https://cdne-g01-livepc-wu-itemsthumbnails.azureedge.net/ExportedAssets/WeaponAttachment_DA_WA_LMG01_SGT_ACG_02_hd.png"
"2.5x - 4x Adjustable Advanced Combat Scope for Ichnya","https://cdne-g01-livepc-wu-itemsthumbnails.azureedge.net/ExportedAssets/WeaponAttachment_DA_WA_MR02_SGT_ACG_02_hd.png"
"2.5x - 4x Adjustable Advanced Combat Scope for Kasper","https://cdne-g01-livepc-wu-itemsthumbnails.azureedge.net/ExportedAssets/WeaponAttachment_DA_WA_AR02_SGT_ACG_02_hd.png"
"2.5x - 4x Adjustable Advanced Combat Scope for Kestrel","https://cdne-g01-livepc-wu-itemsthumbnails.azureedge.net/ExportedAssets/WeaponAttachment_DA_WA_SR01_SGT_ACG_02_hd.png"
"2.5x - 4x Adjustable Advanced Combat Scope for Kite","https://cdne-g01-livepc-wu-itemsthumbnails.azureedge.net/ExportedAssets/WeaponAttachment_DA_WA_SMG03_SGT_ACG_02_hd.png"
"2.5x - 4x Adjustable Advanced Combat Scope for Kochi","https://cdne-g01-livepc-wu-itemsthumbnails.azureedge.net/ExportedAssets/WeaponAttachment_DA_WA_SMG05_SGT_ACG_02_hd.png"
"2.5x - 4x Adjustable Advanced Combat Scope for M4 Commodore ","https://cdne-g01-livepc-wu-itemsthumbnails.azureedge.net/ExportedAssets/WeaponAttachment_DA_WA_AR04_SGT_ACG_02_hd.png"
"2.5x - 4x Adjustable Advanced Combat Scope for Mavinga","https://cdne-g01-livepc-wu-itemsthumbnails.azureedge.net/ExportedAssets/WeaponAttachment_DA_WA_AR03_SGT_ACG_02_hd.png"
"2.5x - 4x Adjustable Advanced Combat Scope for Partisan","https://cdne-g01-livepc-wu-itemsthumbnails.azureedge.net/ExportedAssets/WeaponAttachment_DA_WA_AR06_SGT_ACG_02_hd.png"
"2.5x - 4x Adjustable Advanced Combat Scope for Pierser","https://cdne-g01-livepc-wu-itemsthumbnails.azureedge.net/ExportedAssets/WeaponAttachment_DA_WA_SR03_SGT_ACG_02_hd.png"
"2.5x - 4x Adjustable Advanced Combat Scope for Proton","https://cdne-g01-livepc-wu-itemsthumbnails.azureedge.net/ExportedAssets/WeaponAttachment_DA_WA_MR01_SGT_ACG_02_hd.png"
"2.5x - 4x Adjustable Advanced Combat Scope for Tacoma","https://cdne-g01-livepc-wu-itemsthumbnails.azureedge.net/ExportedAssets/WeaponAttachment_DA_WA_SMG02_SGT_ACG_02_hd.png"
"2.5x - 4x Adjustable Advanced Combat Scope for Terikon","https://cdne-g01-livepc-wu-itemsthumbnails.azureedge.net/ExportedAssets/WeaponAttachment_DA_WA_AR01_SGT_ACG_02_hd.png"
"2.5x - 4x Adjustable Advanced Combat Scope for Vulture","https://cdne-g01-livepc-wu-itemsthumbnails.azureedge.net/ExportedAssets/WeaponAttachment_DA_WA_AR05_SGT_ACG_02_hd.png"
"2.5x - 4x Adjustable Advanced Combat Scope for Woodpecker","https://cdne-g01-livepc-wu-itemsthumbnails.azureedge.net/ExportedAssets/WeaponAttachment_DA_WA_SMG04_SGT_ACG_02_hd.png"
"8x - 12x KAS Scope","https://cdne-g01-livepc-wu-itemsthumbnails.azureedge.net/ExportedAssets/WeaponAttachment_DA_WA_SR01_SCO_ADJ_LR_01_U_hd.png"
"All Stars Bandana","https://cdne-g01-livepc-wu-itemsthumbnails.azureedge.net/ExportedAssets/CustomizationItemTemplate_CIT_Facewear_Bandana_20A_hd.png"
"All Stars Tank Top","https://cdne-g01-livepc-wu-itemsthumbnails.azureedge.net/ExportedAssets/CustomizationItemTemplate_CIT_Cascadia2_Shirt_20A_hd.png"
"Anarchist Helmet","https://cdne-g01-livepc-wu-itemsthumbnails.azureedge.net/ExportedAssets/CustomizationItemTemplate_CIT_Headwear_Helmet_04_02A_hd.png"
"Anarchist Jetpack","https://cdne-g01-livepc-wu-itemsthumbnails.azureedge.net/ExportedAssets/CustomizationItemTemplate_CIT_Jetpack_BasicV2_02A_hd.png"
"Anarchist Shades","https://cdne-g01-livepc-wu-itemsthumbnails.azureedge.net/ExportedAssets/CustomizationItemTemplate_CIT_Eyewear_Glasses05_02A_hd.png"
"Anarchist Shorts","https://cdne-g01-livepc-wu-itemsthumbnails.azureedge.net/ExportedAssets/CustomizationItemTemplate_CIT_Kardashev5_Pants_Short1_02A_hd.png"
"Anarchist T-shirt","https://cdne-g01-livepc-wu-itemsthumbnails.azureedge.net/ExportedAssets/CustomizationItemTemplate_CIT_Kardashev1_Shirt_02A_hd.png"
"Anarchist Tac Vest","https://cdne-g01-livepc-wu-itemsthumbnails.azureedge.net/ExportedAssets/CustomizationItemTemplate_CIT_Kardashev5_TacticalVest1_02A_hd.png"
"AZV 100","https://cdne-g01-livepc-wu-itemsthumbnails.azureedge.net/ExportedAssets/Weapon_Weapon_SMG01_S01_Exotic_hd.png"
"AZV 100 Doomed Zero","https://cdne-g01-livepc-wu-itemsthumbnails.azureedge.net/ExportedAssets/Weapon_Weapon_SMG01_V_05A_hd.png"
"AZV 100 Heavy Barrel","https://cdne-g01-livepc-wu-itemsthumbnails.azureedge.net/ExportedAssets/WeaponAttachment_DA_WA_SMG01_BRL_S03_hd.png"
"AZV 100 Legacy","https://cdne-g01-livepc-wu-itemsthumbnails.azureedge.net/ExportedAssets/Weapon_Weapon_SMG01_S03_Exotic_hd.png"
"AZV 100 Retro","https://cdne-g01-livepc-wu-itemsthumbnails.azureedge.net/ExportedAssets/Weapon_Weapon_SMG01_S02_Exotic_hd.png"
"AZV 100 Tactical Foregrip","https://cdne-g01-livepc-wu-itemsthumbnails.azureedge.net/ExportedAssets/WeaponAttachment_DA_WA_SMG01_UND_VER_04_hd.png"
"Bagged and Tagged","https://cdne-g01-livepc-wu-itemsthumbnails.azureedge.net/ExportedAssets/CustomizationItemTemplate_CIT_Emote_004_hd.png"
"Berserker Beard","https://cdne-g01-livepc-wu-itemsthumbnails.azureedge.net/ExportedAssets/CustomizationItemTemplate_CIT_FacialHair_12_hd.png"
"Berserker Beard - Blond","https://cdne-g01-livepc-wu-itemsthumbnails.azureedge.net/ExportedAssets/CustomizationItemTemplate_CIT_FacialHair_12_Blond_hd.png"
"Berserker Beard - Brown","https://cdne-g01-livepc-wu-itemsthumbnails.azureedge.net/ExportedAssets/CustomizationItemTemplate_CIT_FacialHair_12_Brown_hd.png"
"Berserker Beard - Cyan","https://cdne-g01-livepc-wu-itemsthumbnails.azureedge.net/ExportedAssets/CustomizationItemTemplate_CIT_FacialHair_12_Cyan_hd.png"
"Berserker Beard - Green","https://cdne-g01-livepc-wu-itemsthumbnails.azureedge.net/ExportedAssets/CustomizationItemTemplate_CIT_FacialHair_12_Green_hd.png"
"Berserker Beard - Orange","https://cdne-g01-livepc-wu-itemsthumbnails.azureedge.net/ExportedAssets/CustomizationItemTemplate_CIT_FacialHair_12_Orange_hd.png"
"Berserker Beard - Pink","https://cdne-g01-livepc-wu-itemsthumbnails.azureedge.net/ExportedAssets/CustomizationItemTemplate_CIT_FacialHair_12_Pink_hd.png"
"Blue Set","https://cdne-g01-livepc-wu-itemsthumbnails.azureedge.net/ExportedAssets/CustomizationItemTemplate_CIT_SET_LeftWing_18A_hd.png"
"Blue Walker","https://cdne-g01-livepc-wu-itemsthumbnails.azureedge.net/ExportedAssets/CustomizationItemTemplate_CIT_Eye_Cyber__27_hd.png"
"Boogie Down","https://cdne-g01-livepc-wu-itemsthumbnails.azureedge.net/ExportedAssets/CustomizationItemTemplate_CIT_Emote_001_hd.png"
"Boomslang","https://cdne-g01-livepc-wu-itemsthumbnails.azureedge.net/ExportedAssets/Weapon_Weapon_LMG02_S01_Exotic_hd.png"
"Boomslang 4x - 8x Adjustable MR Scope","https://cdne-g01-livepc-wu-itemsthumbnails.azureedge.net/ExportedAssets/WeaponAttachment_DA_WA_LMG02_SCO_ADJ_MR_01_hd.png"
"Boomslang Heavy Barrel","https://cdne-g01-livepc-wu-itemsthumbnails.azureedge.net/ExportedAssets/WeaponAttachment_DA_WA_LMG02_BRL_S03_hd.png"
"Boomslang Player Zero","https://cdne-g01-livepc-wu-itemsthumbnails.azureedge.net/ExportedAssets/Weapon_Weapon_LMG02_V_BlackGold_hd.png"
"Boomslang Retro","https://cdne-g01-livepc-wu-itemsthumbnails.azureedge.net/ExportedAssets/Weapon_Weapon_LMG02_S02_Exotic_hd.png"
"Boomslang Tactical Foregrip","https://cdne-g01-livepc-wu-itemsthumbnails.azureedge.net/ExportedAssets/WeaponAttachment_DA_WA_LMG02_UND_VER_04_hd.png"
"BOUNCEBOMBER","https://cdne-g01-livepc-wu-itemsthumbnails.azureedge.net/ExportedAssets/BodyPart_Pathfinder_RightArm_Exotic_hd.png"
"BUZZKILLA","https://cdne-g01-livepc-wu-itemsthumbnails.azureedge.net/ExportedAssets/BodyPart_AssaultDroneArm_RightArm_Exotic_hd.png"
"Chemical Bro Pants","https://cdne-g01-livepc-wu-itemsthumbnails.azureedge.net/ExportedAssets/CustomizationItemTemplate_CIT_Zero5Chemist_Pant_Long_hd.png"
"Chinese Pirate Beard","https://cdne-g01-livepc-wu-itemsthumbnails.azureedge.net/ExportedAssets/CustomizationItemTemplate_CIT_FacialHair_15_hd.png"
"Chinese Pirate Beard - Blond","https://cdne-g01-livepc-wu-itemsthumbnails.azureedge.net/ExportedAssets/CustomizationItemTemplate_CIT_FacialHair_15_Blond_hd.png"
"Chinese Pirate Beard - Brown","https://cdne-g01-livepc-wu-itemsthumbnails.azureedge.net/ExportedAssets/CustomizationItemTemplate_CIT_FacialHair_15_Brown_hd.png"
"Chinese Pirate Beard - Cyan","https://cdne-g01-livepc-wu-itemsthumbnails.azureedge.net/ExportedAssets/CustomizationItemTemplate_CIT_FacialHair_15_Cyan_hd.png"
"Chinese Pirate Beard - Green","https://cdne-g01-livepc-wu-itemsthumbnails.azureedge.net/ExportedAssets/CustomizationItemTemplate_CIT_FacialHair_15_Green_hd.png"
"Chinese Pirate Beard - Orange","https://cdne-g01-livepc-wu-itemsthumbnails.azureedge.net/ExportedAssets/CustomizationItemTemplate_CIT_FacialHair_15_Orange_hd.png"
"Chinese Pirate Beard - Pink","https://cdne-g01-livepc-wu-itemsthumbnails.azureedge.net/ExportedAssets/CustomizationItemTemplate_CIT_FacialHair_15_Pink_hd.png"
"Circuit Breaker","https://cdne-g01-livepc-wu-itemsthumbnails.azureedge.net/ExportedAssets/CustomizationItemTemplate_CIT_Emote_46A_CombatDJ_hd.png"
"Clawmark Beard","https://cdne-g01-livepc-wu-itemsthumbnails.azureedge.net/ExportedAssets/CustomizationItemTemplate_CIT_FacialHair_16_hd.png"
"Clawmark Beard - Blond","https://cdne-g01-livepc-wu-itemsthumbnails.azureedge.net/ExportedAssets/CustomizationItemTemplate_CIT_FacialHair_16_Blond_hd.png"
"Clawmark Beard - Brown","https://cdne-g01-livepc-wu-itemsthumbnails.azureedge.net/ExportedAssets/CustomizationItemTemplate_CIT_FacialHair_16_Brown_hd.png"
"Clawmark Beard - Cyan","https://cdne-g01-livepc-wu-itemsthumbnails.azureedge.net/ExportedAssets/CustomizationItemTemplate_CIT_FacialHair_16_Cyan_hd.png"
"Clawmark Beard - Green","https://cdne-g01-livepc-wu-itemsthumbnails.azureedge.net/ExportedAssets/CustomizationItemTemplate_CIT_FacialHair_16_Green_hd.png"
"Clawmark Beard - Orange","https://cdne-g01-livepc-wu-itemsthumbnails.azureedge.net/ExportedAssets/CustomizationItemTemplate_CIT_FacialHair_16_Orange_hd.png"
"Clawmark Beard - Pink","https://cdne-g01-livepc-wu-itemsthumbnails.azureedge.net/ExportedAssets/CustomizationItemTemplate_CIT_FacialHair_16_Pink_hd.png"
"Cog","https://cdne-g01-livepc-wu-itemsthumbnails.azureedge.net/ExportedAssets/CustomizationItemTemplate_CIT_Eye_Cyber__29_hd.png"
"Combat DJ Helmet","https://cdne-g01-livepc-wu-itemsthumbnails.azureedge.net/ExportedAssets/CustomizationItemTemplate_CIT_Facewear_FullFaceMask_CombatDJ_46A_hd.png"
"Combat DJ Jacket","https://cdne-g01-livepc-wu-itemsthumbnails.azureedge.net/ExportedAssets/CustomizationItemTemplate_CIT_Innerwear_Jacket_CombatDJ_46A_hd.png"
"Combat DJ Jetpack","https://cdne-g01-livepc-wu-itemsthumbnails.azureedge.net/ExportedAssets/CustomizationItemTemplate_CIT_Jetpack_BasicV2_CombatDj_46A_hd.png"
"Combat DJ Pants","https://cdne-g01-livepc-wu-itemsthumbnails.azureedge.net/ExportedAssets/CustomizationItemTemplate_CIT_Zero7Assassin_Pants_Torn_CombatDJ_46A_hd.png"
"Combat Maniac Bandana","https://cdne-g01-livepc-wu-itemsthumbnails.azureedge.net/ExportedAssets/CustomizationItemTemplate_CIT_Facewear_Arafat_Zero9Colt_ChopDoc_23A_hd.png"
"Combat Maniac Cap","https://cdne-g01-livepc-wu-itemsthumbnails.azureedge.net/ExportedAssets/CustomizationItemTemplate_CIT_Headwear_Cap_Zero1Scout_ChopDoc_23A_hd.png"
"Combat Maniac Jetpack","https://cdne-g01-livepc-wu-itemsthumbnails.azureedge.net/ExportedAssets/CustomizationItemTemplate_CIT_Jetpack_BasicV2_ChopDoc_23A_hd.png"
"Combat Maniac Shirt","https://cdne-g01-livepc-wu-itemsthumbnails.azureedge.net/ExportedAssets/CustomizationItemTemplate_CIT_Zero9Colt_Shirt_ChopDoc_23A_hd.png"
"Combat Maniac Shorts","https://cdne-g01-livepc-wu-itemsthumbnails.azureedge.net/ExportedAssets/CustomizationItemTemplate_CIT_Zero9Colt_Pants_Short_ChopDoc_23A_hd.png"
"Combat Maniac Tac Vest","https://cdne-g01-livepc-wu-itemsthumbnails.azureedge.net/ExportedAssets/CustomizationItemTemplate_CIT_Mriya4_TacticalVest_ChopDoc_23A_hd.png"
"Convict Shorts","https://cdne-g01-livepc-wu-itemsthumbnails.azureedge.net/ExportedAssets/CustomizationItemTemplate_CIT_Zero5Chemist_Pant_Short_Prisoner_hd.png"
"Crackhead Santa Set","https://cdne-g01-livepc-wu-itemsthumbnails.azureedge.net/ExportedAssets/CustomizationItemTemplate_CIT_SET_Santa_21A_hd.png"
"Cyber Aviator Mask","https://cdne-g01-livepc-wu-itemsthumbnails.azureedge.net/ExportedAssets/CustomizationItemTemplate_CIT_Facewear_Inhaler_02_hd.png"
"CyberGoth Helmet","https://cdne-g01-livepc-wu-itemsthumbnails.azureedge.net/ExportedAssets/CustomizationItemTemplate_CIT_Headwear_Helmet_03_06A_hd.png"
"CyberGoth Jetpack","https://cdne-g01-livepc-wu-itemsthumbnails.azureedge.net/ExportedAssets/CustomizationItemTemplate_CIT_Jetpack_BasicV2_06A_hd.png"
"CyberGoth Mask","https://cdne-g01-livepc-wu-itemsthumbnails.azureedge.net/ExportedAssets/CustomizationItemTemplate_CIT_Headwear_Balaclava_Cascadia03_06A_hd.png"
"CyberGoth Shorts","https://cdne-g01-livepc-wu-itemsthumbnails.azureedge.net/ExportedAssets/CustomizationItemTemplate_CIT_Zero2Saboteur_Pants_Short_06A_hd.png"
"CyberGoth T-shirt","https://cdne-g01-livepc-wu-itemsthumbnails.azureedge.net/ExportedAssets/CustomizationItemTemplate_CIT_Zero9Colt_Shirt_06A_hd.png"
"CyberGoth Tactical Vest","https://cdne-g01-livepc-wu-itemsthumbnails.azureedge.net/ExportedAssets/CustomizationItemTemplate_CIT_Cascadia8_TacticalVest_06A_hd.png"
"Devil Horns","https://cdne-g01-livepc-wu-itemsthumbnails.azureedge.net/ExportedAssets/CustomizationItemTemplate_CIT_Haircut_15_hd.png"
"Devil Horns - Blond","https://cdne-g01-livepc-wu-itemsthumbnails.azureedge.net/ExportedAssets/CustomizationItemTemplate_CIT_Haircut_15_Blond_hd.png"
"Devil Horns - Brown","https://cdne-g01-livepc-wu-itemsthumbnails.azureedge.net/ExportedAssets/CustomizationItemTemplate_CIT_Haircut_15_Brown_hd.png"
"Devil Horns - Cyan","https://cdne-g01-livepc-wu-itemsthumbnails.azureedge.net/ExportedAssets/CustomizationItemTemplate_CIT_Haircut_15_Cyan_hd.png"
"Devil Horns - Green","https://cdne-g01-livepc-wu-itemsthumbnails.azureedge.net/ExportedAssets/CustomizationItemTemplate_CIT_Haircut_15_Green_hd.png"
"Devil Horns - Orange","https://cdne-g01-livepc-wu-itemsthumbnails.azureedge.net/ExportedAssets/CustomizationItemTemplate_CIT_Haircut_15_Orange_hd.png"
"Devil Horns - Pink","https://cdne-g01-livepc-wu-itemsthumbnails.azureedge.net/ExportedAssets/CustomizationItemTemplate_CIT_Haircut_15_Pink_hd.png"
"Doomed Zero Hoodie","https://cdne-g01-livepc-wu-itemsthumbnails.azureedge.net/ExportedAssets/CustomizationItemTemplate_CIT_Zero5Chemist_Hoodie_05A_hd.png"
"Doomed Zero Jetpack","https://cdne-g01-livepc-wu-itemsthumbnails.azureedge.net/ExportedAssets/CustomizationItemTemplate_CIT_Jetpack_BasicV2_05A_hd.png"
"Doomed Zero Mask","https://cdne-g01-livepc-wu-itemsthumbnails.azureedge.net/ExportedAssets/CustomizationItemTemplate_CIT_Facewear_FullFaceMask_05A_hd.png"
"Doomed Zero Shorts","https://cdne-g01-livepc-wu-itemsthumbnails.azureedge.net/ExportedAssets/CustomizationItemTemplate_CIT_Zero2Crow_Legwear_Shorts_05A_hd.png"
"Doomed Zero Tac Vest","https://cdne-g01-livepc-wu-itemsthumbnails.azureedge.net/ExportedAssets/CustomizationItemTemplate_CIT_Zero10Raider_TacticalVest_05A_hd.png"
"Double Braided Beard","https://cdne-g01-livepc-wu-itemsthumbnails.azureedge.net/ExportedAssets/CustomizationItemTemplate_CIT_FacialHair_18_hd.png"
"Double Braided Beard - Blond","https://cdne-g01-livepc-wu-itemsthumbnails.azureedge.net/ExportedAssets/CustomizationItemTemplate_CIT_FacialHair_18_Blond_hd.png"
"Double Braided Beard - Brown","https://cdne-g01-livepc-wu-itemsthumbnails.azureedge.net/ExportedAssets/CustomizationItemTemplate_CIT_FacialHair_18_Brown_hd.png"
"Double Braided Beard - Cyan","https://cdne-g01-livepc-wu-itemsthumbnails.azureedge.net/ExportedAssets/CustomizationItemTemplate_CIT_FacialHair_18_Cyan_hd.png"
"Double Braided Beard - Green","https://cdne-g01-livepc-wu-itemsthumbnails.azureedge.net/ExportedAssets/CustomizationItemTemplate_CIT_FacialHair_18_Green_hd.png"
"Double Braided Beard - Orange","https://cdne-g01-livepc-wu-itemsthumbnails.azureedge.net/ExportedAssets/CustomizationItemTemplate_CIT_FacialHair_18_Orange_hd.png"
"Double Braided Beard - Pink","https://cdne-g01-livepc-wu-itemsthumbnails.azureedge.net/ExportedAssets/CustomizationItemTemplate_CIT_FacialHair_18_Pink_hd.png"
"Dreadhawk","https://cdne-g01-livepc-wu-itemsthumbnails.azureedge.net/ExportedAssets/CustomizationItemTemplate_CIT_Haircut_22_hd.png"
"Dreadhawk - Blond","https://cdne-g01-livepc-wu-itemsthumbnails.azureedge.net/ExportedAssets/CustomizationItemTemplate_CIT_Haircut_22_Blond_hd.png"
"Dreadhawk - Brown","https://cdne-g01-livepc-wu-itemsthumbnails.azureedge.net/ExportedAssets/CustomizationItemTemplate_CIT_Haircut_22_Brown_hd.png"
"Dreadhawk - Cyan","https://cdne-g01-livepc-wu-itemsthumbnails.azureedge.net/ExportedAssets/CustomizationItemTemplate_CIT_Haircut_22_Cyan_hd.png"
"Dreadhawk - Green","https://cdne-g01-livepc-wu-itemsthumbnails.azureedge.net/ExportedAssets/CustomizationItemTemplate_CIT_Haircut_22_Green_hd.png"
"Dreadhawk - Orange","https://cdne-g01-livepc-wu-itemsthumbnails.azureedge.net/ExportedAssets/CustomizationItemTemplate_CIT_Haircut_22_Orange_hd.png"
"Dreadhawk - Pink","https://cdne-g01-livepc-wu-itemsthumbnails.azureedge.net/ExportedAssets/CustomizationItemTemplate_CIT_Haircut_22_Pink_hd.png"
"Enforcer Helmet","https://cdne-g01-livepc-wu-itemsthumbnails.azureedge.net/ExportedAssets/CustomizationItemTemplate_CIT_Headwear_Helmet02_10A_hd.png"
"Enforcer Jetpack","https://cdne-g01-livepc-wu-itemsthumbnails.azureedge.net/ExportedAssets/CustomizationItemTemplate_CIT_Jetpack_BasicV2_10A_hd.png"
"Enforcer Shades","https://cdne-g01-livepc-wu-itemsthumbnails.azureedge.net/ExportedAssets/CustomizationItemTemplate_CIT_HeadGear_PoliceGlasses_10A_hd.png"
"Enforcer Shirt","https://cdne-g01-livepc-wu-itemsthumbnails.azureedge.net/ExportedAssets/CustomizationItemTemplate_CIT_Cascadia2_Shirt_10A_hd.png"
"Enforcer Shorts","https://cdne-g01-livepc-wu-itemsthumbnails.azureedge.net/ExportedAssets/CustomizationItemTemplate_CIT_Cascadia3_Legwear_Shorts_10A_hd.png"
"Enforcer Vest","https://cdne-g01-livepc-wu-itemsthumbnails.azureedge.net/ExportedAssets/CustomizationItemTemplate_CIT_Cascadia2_TacticalVest_10A_hd.png"
"Enhanced Compensator for the AZV 100","https://cdne-g01-livepc-wu-itemsthumbnails.azureedge.net/ExportedAssets/WeaponAttachment_DA_WA_SMG01_MZL_COM_02_hd.png"
"Enhanced Compensator for the Boomslang","https://cdne-g01-livepc-wu-itemsthumbnails.azureedge.net/ExportedAssets/WeaponAttachment_DA_WA_LMG02_MZL_COM_02_hd.png"
"Enhanced Compensator for the Hawk","https://cdne-g01-livepc-wu-itemsthumbnails.azureedge.net/ExportedAssets/WeaponAttachment_DA_WA_LMG01_MZL_COM_02_hd.png"
"Enhanced Compensator for the Ichnya","https://cdne-g01-livepc-wu-itemsthumbnails.azureedge.net/ExportedAssets/WeaponAttachment_DA_WA_MR02_MZL_COM_02_hd.png"
"Enhanced Compensator for the Kasper","https://cdne-g01-livepc-wu-itemsthumbnails.azureedge.net/ExportedAssets/WeaponAttachment_DA_WA_AR02_MZL_COM_02_hd.png"
"Enhanced Compensator for the Kelowna","https://cdne-g01-livepc-wu-itemsthumbnails.azureedge.net/ExportedAssets/WeaponAttachment_DA_WA_SA03_MZL_COM_02_hd.png"
"Enhanced Compensator for the Kestrel","https://cdne-g01-livepc-wu-itemsthumbnails.azureedge.net/ExportedAssets/WeaponAttachment_DA_WA_SR01_MZL_COM_02_hd.png"
"Enhanced Compensator for the Kite","https://cdne-g01-livepc-wu-itemsthumbnails.azureedge.net/ExportedAssets/WeaponAttachment_DA_WA_SMG03_MZL_COM_02_hd.png"
"Enhanced Compensator for the Kochi","https://cdne-g01-livepc-wu-itemsthumbnails.azureedge.net/ExportedAssets/WeaponAttachment_DA_WA_SMG05_MZL_COM_02_hd.png"
"Enhanced Compensator for the M4 Commodore","https://cdne-g01-livepc-wu-itemsthumbnails.azureedge.net/ExportedAssets/WeaponAttachment_DA_WA_AR04_MZL_COM_02_hd.png"
"Enhanced Compensator for the Mavinga","https://cdne-g01-livepc-wu-itemsthumbnails.azureedge.net/ExportedAssets/WeaponAttachment_DA_WA_AR03_MZL_COM_02_hd.png"
"Enhanced Compensator for the Osprey","https://cdne-g01-livepc-wu-itemsthumbnails.azureedge.net/ExportedAssets/WeaponAttachment_DA_WA_SR02_MZL_COM_02_hd.png"
"Enhanced Compensator for the Partisan","https://cdne-g01-livepc-wu-itemsthumbnails.azureedge.net/ExportedAssets/WeaponAttachment_DA_WA_AR06_MZL_COM_02_hd.png"
"Enhanced Compensator for the Pierser","https://cdne-g01-livepc-wu-itemsthumbnails.azureedge.net/ExportedAssets/WeaponAttachment_DA_WA_SR03_MZL_COM_02_hd.png"
"Enhanced Compensator for the Proton","https://cdne-g01-livepc-wu-itemsthumbnails.azureedge.net/ExportedAssets/WeaponAttachment_DA_WA_MR01_MZL_COM_02_hd.png"
"Enhanced Compensator for the Tacoma","https://cdne-g01-livepc-wu-itemsthumbnails.azureedge.net/ExportedAssets/WeaponAttachment_DA_WA_SMG02_MZL_COM_02_hd.png"
"Enhanced Compensator for the TAP9","https://cdne-g01-livepc-wu-itemsthumbnails.azureedge.net/ExportedAssets/WeaponAttachment_DA_WA_SA01_MZL_COM_02_hd.png"
"Enhanced Compensator for the Terikon","https://cdne-g01-livepc-wu-itemsthumbnails.azureedge.net/ExportedAssets/WeaponAttachment_DA_WA_AR01_MZL_COM_02_hd.png"
"Enhanced Compensator for the Type 227","https://cdne-g01-livepc-wu-itemsthumbnails.azureedge.net/ExportedAssets/WeaponAttachment_DA_WA_SA02_MZL_COM_02_hd.png"
"Enhanced Compensator for the Vulture","https://cdne-g01-livepc-wu-itemsthumbnails.azureedge.net/ExportedAssets/WeaponAttachment_DA_WA_AR05_MZL_COM_02_hd.png"
"Enhanced Compensator for the Woodpecker","https://cdne-g01-livepc-wu-itemsthumbnails.azureedge.net/ExportedAssets/WeaponAttachment_DA_WA_SMG04_MZL_COM_02_hd.png"
"Flenser","https://cdne-g01-livepc-wu-itemsthumbnails.azureedge.net/ExportedAssets/Weapon_Weapon_SHG02_S01_Exotic_hd.png"
"Flenser Heavy Barrel","https://cdne-g01-livepc-wu-itemsthumbnails.azureedge.net/ExportedAssets/WeaponAttachment_DA_WA_SHG02_BRL_S03_hd.png"
"Flenser Legacy","https://cdne-g01-livepc-wu-itemsthumbnails.azureedge.net/ExportedAssets/Weapon_Weapon_SHG02_S03_Exotic_hd.png"
"Flenser Mad Biker","https://cdne-g01-livepc-wu-itemsthumbnails.azureedge.net/ExportedAssets/Weapon_Weapon_SHG02_V_14A_hd.png"
"Flip the Salute","https://cdne-g01-livepc-wu-itemsthumbnails.azureedge.net/ExportedAssets/CustomizationItemTemplate_CIT_Emote_013_hd.png"
"GHOST","https://cdne-g01-livepc-wu-itemsthumbnails.azureedge.net/ExportedAssets/BodyPart_CloakArm_LeftArm_Exotic_hd.png"
"Give Peace a Chance","https://cdne-g01-livepc-wu-itemsthumbnails.azureedge.net/ExportedAssets/CustomizationItemTemplate_CIT_Emote_014_hd.png"
"Green Maze","https://cdne-g01-livepc-wu-itemsthumbnails.azureedge.net/ExportedAssets/CustomizationItemTemplate_CIT_Eye_Cyber_ChipsetGreen_hd.png"
"HAMMERHEADS","https://cdne-g01-livepc-wu-itemsthumbnails.azureedge.net/ExportedAssets/BodyPart_SmashLanding_Legs_Exotic_hd.png"
"Hawk","https://cdne-g01-livepc-wu-itemsthumbnails.azureedge.net/ExportedAssets/Weapon_Weapon_LMG01_S01_Exotic_hd.png"
"Hawk 4x - 8x Adjustable MR Scope","https://cdne-g01-livepc-wu-itemsthumbnails.azureedge.net/ExportedAssets/WeaponAttachment_DA_WA_LMG01_SCO_ADJ_MR_01_hd.png"
"Hawk Anarchist","https://cdne-g01-livepc-wu-itemsthumbnails.azureedge.net/ExportedAssets/Weapon_Weapon_LMG01_V_02A_Exotic_hd.png"
"Hawk Heavy Barrel","https://cdne-g01-livepc-wu-itemsthumbnails.azureedge.net/ExportedAssets/WeaponAttachment_DA_WA_LMG01_BRL_S03_hd.png"
"Hawk Legacy","https://cdne-g01-livepc-wu-itemsthumbnails.azureedge.net/ExportedAssets/Weapon_Weapon_LMG01_S03_Exotic_hd.png"
"Hawk Retro","https://cdne-g01-livepc-wu-itemsthumbnails.azureedge.net/ExportedAssets/Weapon_Weapon_LMG01_S02_Exotic_hd.png"
"Hawk Tactical Foregrip","https://cdne-g01-livepc-wu-itemsthumbnails.azureedge.net/ExportedAssets/WeaponAttachment_DA_WA_LMG01_UND_VER_04_hd.png"
"Hear That, B*tch?","https://cdne-g01-livepc-wu-itemsthumbnails.azureedge.net/ExportedAssets/CustomizationItemTemplate_CIT_Emote_009_hd.png"
"HOOKSHOT","https://cdne-g01-livepc-wu-itemsthumbnails.azureedge.net/ExportedAssets/BodyPart_Grapple_RightArm_Exotic_hd.png"
"I'm Fine Skin for the Kelowna","https://cdne-g01-livepc-wu-itemsthumbnails.azureedge.net/ExportedAssets/WeaponSkin_DA_SA03_Skin_A01_R04_hd.png"
"I'm Fine Skin for the Kestrel","https://cdne-g01-livepc-wu-itemsthumbnails.azureedge.net/ExportedAssets/WeaponSkin_DA_SR01_Skin_A01_R04_hd.png"
"I'm Fine Skin for the Proton","https://cdne-g01-livepc-wu-itemsthumbnails.azureedge.net/ExportedAssets/WeaponSkin_DA_MR01_Skin_A01_R04_hd.png"
"Ichnya ","https://cdne-g01-livepc-wu-itemsthumbnails.azureedge.net/ExportedAssets/Weapon_Weapon_MR02_S01_Exotic_hd.png"
"Ichnya 4x - 8x Adjustable MR Scope","https://cdne-g01-livepc-wu-itemsthumbnails.azureedge.net/ExportedAssets/WeaponAttachment_DA_WA_MR02_SCO_ADJ_MR_01_hd.png"
"Ichnya 8x - 12x Adjustable LR Scope","https://cdne-g01-livepc-wu-itemsthumbnails.azureedge.net/ExportedAssets/WeaponAttachment_DA_WA_MR02_SCO_ADJ_LR_01_hd.png"
"Ichnya Covfefe","https://cdne-g01-livepc-wu-itemsthumbnails.azureedge.net/ExportedAssets/Weapon_Weapon_MR02_V_19A_Exotic_hd.png"
"Ichnya Heavy Barrel","https://cdne-g01-livepc-wu-itemsthumbnails.azureedge.net/ExportedAssets/WeaponAttachment_DA_WA_MR02_BRL_S03_hd.png"
"Ichnya Legacy","https://cdne-g01-livepc-wu-itemsthumbnails.azureedge.net/ExportedAssets/Weapon_Weapon_MR02_S03_Exotic_hd.png"
"Ichnya Retro","https://cdne-g01-livepc-wu-itemsthumbnails.azureedge.net/ExportedAssets/Weapon_Weapon_MR02_S02_Exotic_hd.png"
"Ichnya Tactical Foregrip","https://cdne-g01-livepc-wu-itemsthumbnails.azureedge.net/ExportedAssets/WeaponAttachment_DA_WA_MR02_UND_VER_04_hd.png"
"Impact Junkie Chest Rig","https://cdne-g01-livepc-wu-itemsthumbnails.azureedge.net/ExportedAssets/CustomizationItemTemplate_CIT_Kardashev7_TacticalVest_03A_hd.png"
"Impact Junkie Helmet","https://cdne-g01-livepc-wu-itemsthumbnails.azureedge.net/ExportedAssets/CustomizationItemTemplate_CIT_Headwear_Helmet_ImpactJunkie_03A_hd.png"
"Impact Junkie Jetpack","https://cdne-g01-livepc-wu-itemsthumbnails.azureedge.net/ExportedAssets/CustomizationItemTemplate_CIT_Jetpack_BasicV2_03A_hd.png"
"Impact Junkie Mask","https://cdne-g01-livepc-wu-itemsthumbnails.azureedge.net/ExportedAssets/CustomizationItemTemplate_CIT_Facewear_FullFaceMask_Dummy_03A_hd.png"
"Impact Junkie Shorts","https://cdne-g01-livepc-wu-itemsthumbnails.azureedge.net/ExportedAssets/CustomizationItemTemplate_CIT_Zero4Grant_Legwear_Shorts_03A_hd.png"
"Impact Junkie T-shirt","https://cdne-g01-livepc-wu-itemsthumbnails.azureedge.net/ExportedAssets/CustomizationItemTemplate_CIT_Zero4Grant_Shirt_03A_hd.png"
"Inferno Skin for the Kestrel","https://cdne-g01-livepc-wu-itemsthumbnails.azureedge.net/ExportedAssets/WeaponSkin_DA_SR01_Skin_A03_R04_hd.png"
"Inferno Skin for the Mavinga","https://cdne-g01-livepc-wu-itemsthumbnails.azureedge.net/ExportedAssets/WeaponSkin_DA_AR03_Skin_A03_R04_hd.png"
"Inferno Skin for the Woodpecker","https://cdne-g01-livepc-wu-itemsthumbnails.azureedge.net/ExportedAssets/WeaponSkin_DA_SMG04_Skin_A03_R04_hd.png"
"Influencer","https://cdne-g01-livepc-wu-itemsthumbnails.azureedge.net/ExportedAssets/Weapon_Weapon_SHG03_S01_Exotic_hd.png"
"Influencer Heavy Barrel","https://cdne-g01-livepc-wu-itemsthumbnails.azureedge.net/ExportedAssets/WeaponAttachment_DA_WA_SHG03_BRL_S03_hd.png"
"Influencer Tactical Foregrip","https://cdne-g01-livepc-wu-itemsthumbnails.azureedge.net/ExportedAssets/WeaponAttachment_DA_WA_SHG03_UND_VER_04_hd.png"
"JAVELINA","https://cdne-g01-livepc-wu-itemsthumbnails.azureedge.net/ExportedAssets/BodyPart_MicroMissile_RightArm_Exotic_hd.png"
"Jungle Ops Tac-Vest","https://cdne-g01-livepc-wu-itemsthumbnails.azureedge.net/ExportedAssets/CustomizationItemTemplate_CIT_Kardashev5_TacticalVest_hd.png"
"Karmacide","https://cdne-g01-livepc-wu-itemsthumbnails.azureedge.net/ExportedAssets/CustomizationItemTemplate_CIT_Emote_016_hd.png"
"Kasper","https://cdne-g01-livepc-wu-itemsthumbnails.azureedge.net/ExportedAssets/Weapon_Weapon_AR02_S01_Exotic_hd.png"
"Kasper Heavy Barrel","https://cdne-g01-livepc-wu-itemsthumbnails.azureedge.net/ExportedAssets/WeaponAttachment_DA_WA_AR02_BRL_S03_hd.png"
"Kasper Jingle Jammer","https://cdne-g01-livepc-wu-itemsthumbnails.azureedge.net/ExportedAssets/Weapon_Weapon_AR02_V_21A_hd.png"
"Kasper Legacy","https://cdne-g01-livepc-wu-itemsthumbnails.azureedge.net/ExportedAssets/Weapon_Weapon_AR02_S03_Exotic_hd.png"
"Kasper Retro","https://cdne-g01-livepc-wu-itemsthumbnails.azureedge.net/ExportedAssets/Weapon_Weapon_AR02_S02_Exotic_hd.png"
"Kasper Tactical Foregrip","https://cdne-g01-livepc-wu-itemsthumbnails.azureedge.net/ExportedAssets/WeaponAttachment_DA_WA_AR02_UND_VER_04_hd.png"
"Keep 'em out","https://cdne-g01-livepc-wu-itemsthumbnails.azureedge.net/ExportedAssets/CustomizationItemTemplate_CIT_Emote_RightWing_19A_hd.png"
"Kelowna","https://cdne-g01-livepc-wu-itemsthumbnails.azureedge.net/ExportedAssets/Weapon_Weapon_SA03_S01_Exotic_hd.png"
"Kelowna El Diablo","https://cdne-g01-livepc-wu-itemsthumbnails.azureedge.net/ExportedAssets/Weapon_Weapon_SA03_V_45A_hd.png"
"Kelowna Heavy Barrel","https://cdne-g01-livepc-wu-itemsthumbnails.azureedge.net/ExportedAssets/WeaponAttachment_DA_WA_SA03_BRL_S03_hd.png"
"Kelowna Kiiro Shinobi","https://cdne-g01-livepc-wu-itemsthumbnails.azureedge.net/ExportedAssets/Weapon_Weapon_SA03_V_09A_hd.png"
"Kelowna Retro","https://cdne-g01-livepc-wu-itemsthumbnails.azureedge.net/ExportedAssets/Weapon_Weapon_SA03_S02_Exotic_hd.png"
"Kelowna Tagger","https://cdne-g01-livepc-wu-itemsthumbnails.azureedge.net/ExportedAssets/Weapon_Weapon_SA03_V_15A_hd.png"
"Kestrel","https://cdne-g01-livepc-wu-itemsthumbnails.azureedge.net/ExportedAssets/Weapon_Weapon_SR01_S01_Exotic_hd.png"
"Kestrel 4x - 8x Adjustable MR Scope","https://cdne-g01-livepc-wu-itemsthumbnails.azureedge.net/ExportedAssets/WeaponAttachment_DA_WA_SR01_SCO_ADJ_MR_01_hd.png"
"Kestrel 8x - 12x Adjustable LR Scope","https://cdne-g01-livepc-wu-itemsthumbnails.azureedge.net/ExportedAssets/WeaponAttachment_DA_WA_SR01_SCO_ADJ_LR_01_hd.png"
"Kestrel Heavy Barrel","https://cdne-g01-livepc-wu-itemsthumbnails.azureedge.net/ExportedAssets/WeaponAttachment_DA_WA_SR01_BRL_S03_hd.png"
"Kestrel Legacy","https://cdne-g01-livepc-wu-itemsthumbnails.azureedge.net/ExportedAssets/Weapon_Weapon_SR01_S03_Exotic_hd.png"
"Kestrel Tactical Foregrip","https://cdne-g01-livepc-wu-itemsthumbnails.azureedge.net/ExportedAssets/WeaponAttachment_DA_WA_SR01_UND_VER_04_hd.png"
"Kiiro Shinobi","https://cdne-g01-livepc-wu-itemsthumbnails.azureedge.net/ExportedAssets/CustomizationItemTemplate_CIT_Eye_Cyber_09A_hd.png"
"Kiiro Shinobi Hoodie","https://cdne-g01-livepc-wu-itemsthumbnails.azureedge.net/ExportedAssets/CustomizationItemTemplate_CIT_Zero7Assassin_Hoodie_New_09A_hd.png"
"Kiiro Shinobi Jetpack","https://cdne-g01-livepc-wu-itemsthumbnails.azureedge.net/ExportedAssets/CustomizationItemTemplate_CIT_Jetpack_BasicV2_09A_hd.png"
"Kiiro Shinobi Mask","https://cdne-g01-livepc-wu-itemsthumbnails.azureedge.net/ExportedAssets/CustomizationItemTemplate_CIT_Facewear_Partial_mask_Darkveil_09A_hd.png"
"Kiiro Shinobi Pants","https://cdne-g01-livepc-wu-itemsthumbnails.azureedge.net/ExportedAssets/CustomizationItemTemplate_CIT_Zero7Assassin_Pants_Long_09A_hd.png"
"Kiiro Shinobi Vest","https://cdne-g01-livepc-wu-itemsthumbnails.azureedge.net/ExportedAssets/CustomizationItemTemplate_CIT_Zero7Assassin_TacticalVest_New_09A_hd.png"
"KINETIC SHIELD","https://cdne-g01-livepc-wu-itemsthumbnails.azureedge.net/ExportedAssets/BodyPart_KineticShieldArm_LeftArm_Exotic_hd.png"
"Kite","https://cdne-g01-livepc-wu-itemsthumbnails.azureedge.net/ExportedAssets/Weapon_Weapon_SMG03_S01_Exotic_hd.png"
"Kite Heavy Barrel","https://cdne-g01-livepc-wu-itemsthumbnails.azureedge.net/ExportedAssets/WeaponAttachment_DA_WA_SMG03_BRL_S03_hd.png"
"Kite Legacy","https://cdne-g01-livepc-wu-itemsthumbnails.azureedge.net/ExportedAssets/Weapon_Weapon_SMG03_S03_Exotic_hd.png"
"Kite Liberalator","https://cdne-g01-livepc-wu-itemsthumbnails.azureedge.net/ExportedAssets/Weapon_Weapon_SMG03_V_18A_Exotic_hd.png"
"Kite Nebula","https://cdne-g01-livepc-wu-itemsthumbnails.azureedge.net/ExportedAssets/Weapon_Weapon_SMG03_S04_Exotic_hd.png"
"Kite Retro","https://cdne-g01-livepc-wu-itemsthumbnails.azureedge.net/ExportedAssets/Weapon_Weapon_SMG03_S02_Exotic_hd.png"
"Kite Scumpocalypse","https://cdne-g01-livepc-wu-itemsthumbnails.azureedge.net/ExportedAssets/Weapon_Weapon_SMG03_V_22A_hd.png"
"Kochi","https://cdne-g01-livepc-wu-itemsthumbnails.azureedge.net/ExportedAssets/Weapon_Weapon_SMG05_S01_Exotic_hd.png"
"Kochi El Diablo","https://cdne-g01-livepc-wu-itemsthumbnails.azureedge.net/ExportedAssets/Weapon_Weapon_SMG05_V_45A_hd.png"
"Kochi Ergo Foregrip","https://cdne-g01-livepc-wu-itemsthumbnails.azureedge.net/ExportedAssets/WeaponAttachment_DA_WA_SMG05_UND_VER_01_U_hd.png"
"Kochi Heavy Barrel","https://cdne-g01-livepc-wu-itemsthumbnails.azureedge.net/ExportedAssets/WeaponAttachment_DA_WA_SMG05_BRL_S03_hd.png"
"Kochi Tactical Flash Hider","https://cdne-g01-livepc-wu-itemsthumbnails.azureedge.net/ExportedAssets/WeaponAttachment_DA_WA_SMG05_MZL_FLH_01_U_hd.png"
"Kochi Tactical Foregrip","https://cdne-g01-livepc-wu-itemsthumbnails.azureedge.net/ExportedAssets/WeaponAttachment_DA_WA_SMG05_UND_VER_04_hd.png"
"Kochi Tinsel Terror ","https://cdne-g01-livepc-wu-itemsthumbnails.azureedge.net/ExportedAssets/Weapon_Weapon_SMG05_V_21A_hd.png"
"Lazer","https://cdne-g01-livepc-wu-itemsthumbnails.azureedge.net/ExportedAssets/CustomizationItemTemplate_CIT_Eye_Cyber__35_hd.png"
"LEAPERS","https://cdne-g01-livepc-wu-itemsthumbnails.azureedge.net/ExportedAssets/BodyPart_JumpBoostLegs_Legs_Exotic_hd.png"
"Light the Fire","https://cdne-g01-livepc-wu-itemsthumbnails.azureedge.net/ExportedAssets/CustomizationItemTemplate_CIT_Emote_LeftWing_18A_hd.png"
"Logan Mutton Chops","https://cdne-g01-livepc-wu-itemsthumbnails.azureedge.net/ExportedAssets/CustomizationItemTemplate_CIT_FacialHair_10_hd.png"
"Logan Mutton Chops - Blond","https://cdne-g01-livepc-wu-itemsthumbnails.azureedge.net/ExportedAssets/CustomizationItemTemplate_CIT_FacialHair_10_Blond_hd.png"
"Logan Mutton Chops - Brown","https://cdne-g01-livepc-wu-itemsthumbnails.azureedge.net/ExportedAssets/CustomizationItemTemplate_CIT_FacialHair_10_Brown_hd.png"
"Logan Mutton Chops - Cyan","https://cdne-g01-livepc-wu-itemsthumbnails.azureedge.net/ExportedAssets/CustomizationItemTemplate_CIT_FacialHair_10_Cyan_hd.png"
"Logan Mutton Chops - Green","https://cdne-g01-livepc-wu-itemsthumbnails.azureedge.net/ExportedAssets/CustomizationItemTemplate_CIT_FacialHair_10_Green_hd.png"
"Logan Mutton Chops - Orange","https://cdne-g01-livepc-wu-itemsthumbnails.azureedge.net/ExportedAssets/CustomizationItemTemplate_CIT_FacialHair_10_Orange_hd.png"
"Logan Mutton Chops - Pink","https://cdne-g01-livepc-wu-itemsthumbnails.azureedge.net/ExportedAssets/CustomizationItemTemplate_CIT_FacialHair_10_Pink_hd.png"
"Look of Death","https://cdne-g01-livepc-wu-itemsthumbnails.azureedge.net/ExportedAssets/CustomizationItemTemplate_CIT_Eye_Cyber_05A_hd.png"
"M4 Commodore","https://cdne-g01-livepc-wu-itemsthumbnails.azureedge.net/ExportedAssets/Weapon_Weapon_AR04_S01_Exotic_hd.png"
"M4 Commodore Enforcer","https://cdne-g01-livepc-wu-itemsthumbnails.azureedge.net/ExportedAssets/Weapon_Weapon_AR04_V_10A_hd.png"
"M4 Commodore Heavy Barrel","https://cdne-g01-livepc-wu-itemsthumbnails.azureedge.net/ExportedAssets/WeaponAttachment_DA_WA_AR04_BRL_S03_hd.png"
"M4 Commodore Legacy","https://cdne-g01-livepc-wu-itemsthumbnails.azureedge.net/ExportedAssets/Weapon_Weapon_AR04_S03_Exotic_hd.png"
"M4 Commodore Retro","https://cdne-g01-livepc-wu-itemsthumbnails.azureedge.net/ExportedAssets/Weapon_Weapon_AR04_S02_Exotic_hd.png"
"M4 Commodore Tactical Foregrip","https://cdne-g01-livepc-wu-itemsthumbnails.azureedge.net/ExportedAssets/WeaponAttachment_DA_WA_AR04_UND_VER_04_hd.png"
"Mad Biker Goggles","https://cdne-g01-livepc-wu-itemsthumbnails.azureedge.net/ExportedAssets/CustomizationItemTemplate_CIT_Eyewear_Kardashev07_Biker_14A_hd.png"
"Mad Biker Helmet","https://cdne-g01-livepc-wu-itemsthumbnails.azureedge.net/ExportedAssets/CustomizationItemTemplate_CIT_Headwear_Helmet01_01_Biker_14A_hd.png"
"Mad Biker Jetpack","https://cdne-g01-livepc-wu-itemsthumbnails.azureedge.net/ExportedAssets/CustomizationItemTemplate_CIT_Jetpack_BasicV2_Biker_14A_hd.png"
"Mad Biker Pants","https://cdne-g01-livepc-wu-itemsthumbnails.azureedge.net/ExportedAssets/CustomizationItemTemplate_CIT_Zero7Assassin_Pants_Torn_Biker_14A_hd.png"
"Mad Biker Shirt","https://cdne-g01-livepc-wu-itemsthumbnails.azureedge.net/ExportedAssets/CustomizationItemTemplate_CIT_Zero4Grant_Shirt_Biker_14A_hd.png"
"Mad Biker Vest","https://cdne-g01-livepc-wu-itemsthumbnails.azureedge.net/ExportedAssets/CustomizationItemTemplate_CIT_Mriya4_TacticalVest_Biker_14A_hd.png"
"Mantis Mask","https://cdne-g01-livepc-wu-itemsthumbnails.azureedge.net/ExportedAssets/CustomizationItemTemplate_CIT_Facewear_Inhaler_01_hd.png"
"Mavinga","https://cdne-g01-livepc-wu-itemsthumbnails.azureedge.net/ExportedAssets/Weapon_Weapon_AR03_S01_Exotic_hd.png"
"Mavinga Heavy Barrel","https://cdne-g01-livepc-wu-itemsthumbnails.azureedge.net/ExportedAssets/WeaponAttachment_DA_WA_AR03_BRL_S03_hd.png"
"Mavinga Legacy","https://cdne-g01-livepc-wu-itemsthumbnails.azureedge.net/ExportedAssets/Weapon_Weapon_AR03_S03_Exotic_hd.png"
"Mavinga Retro","https://cdne-g01-livepc-wu-itemsthumbnails.azureedge.net/ExportedAssets/Weapon_Weapon_AR03_S02_Exotic_hd.png"
"Mavinga Tactical Foregrip","https://cdne-g01-livepc-wu-itemsthumbnails.azureedge.net/ExportedAssets/WeaponAttachment_DA_WA_AR03_UND_VER_04_hd.png"
"MAXIGUN","https://cdne-g01-livepc-wu-itemsthumbnails.azureedge.net/ExportedAssets/BodyPart_Minigun_LeftArm_Exotic_hd.png"
"Move To Live","https://cdne-g01-livepc-wu-itemsthumbnails.azureedge.net/ExportedAssets/CustomizationItemTemplate_CIT_Music_CombatDJ_PH07_hd.png"
"Nightrider","https://cdne-g01-livepc-wu-itemsthumbnails.azureedge.net/ExportedAssets/CustomizationItemTemplate_CIT_Eye_Cyber__11_hd.png"
"Ninja Kestrel","https://cdne-g01-livepc-wu-itemsthumbnails.azureedge.net/ExportedAssets/Weapon_Weapon_SR01_V_04A_hd.png"
"Ninja Set","https://cdne-g01-livepc-wu-itemsthumbnails.azureedge.net/ExportedAssets/CustomizationItemTemplate_CIT_SET_BlueNinja_04A_hd.png"
"Nuestros Diablos Set","https://cdne-g01-livepc-wu-itemsthumbnails.azureedge.net/ExportedAssets/CustomizationItemTemplate_CIT_SET_Gangster_45A_hd.png"
"Osprey","https://cdne-g01-livepc-wu-itemsthumbnails.azureedge.net/ExportedAssets/Weapon_Weapon_SR02_S01_Exotic_hd.png"
"Osprey 4x - 8x Adjustable MR Scope","https://cdne-g01-livepc-wu-itemsthumbnails.azureedge.net/ExportedAssets/WeaponAttachment_DA_WA_SR02_SCO_ADJ_MR_01_hd.png"
"Osprey 8x - 12x Adjustable LR Scope","https://cdne-g01-livepc-wu-itemsthumbnails.azureedge.net/ExportedAssets/WeaponAttachment_DA_WA_SR02_SCO_ADJ_LR_01_hd.png"
"Osprey Heavy Barrel","https://cdne-g01-livepc-wu-itemsthumbnails.azureedge.net/ExportedAssets/WeaponAttachment_DA_WA_SR02_BRL_S03_hd.png"
"Osprey Legacy","https://cdne-g01-livepc-wu-itemsthumbnails.azureedge.net/ExportedAssets/Weapon_Weapon_SR02_S03_Exotic_hd.png"
"Osprey Retro","https://cdne-g01-livepc-wu-itemsthumbnails.azureedge.net/ExportedAssets/Weapon_Weapon_SR02_S02_Exotic_hd.png"
"Osprey Smart Scope","https://cdne-g01-livepc-wu-itemsthumbnails.azureedge.net/ExportedAssets/WeaponAttachment_DA_WA_SR02_SCO_ADJ_LR_01_U_hd.png"
"Osprey Tactical Foregrip","https://cdne-g01-livepc-wu-itemsthumbnails.azureedge.net/ExportedAssets/WeaponAttachment_DA_WA_SR02_UND_VER_04_hd.png"
"Pacifist Glasses","https://cdne-g01-livepc-wu-itemsthumbnails.azureedge.net/ExportedAssets/CustomizationItemTemplate_CIT_Eyewear_Glasses02_01A_hd.png"
"Pacifist Hoodie","https://cdne-g01-livepc-wu-itemsthumbnails.azureedge.net/ExportedAssets/CustomizationItemTemplate_CIT_Mriya10_Hoodie_01A_hd.png"
"Pacifist Jetpack","https://cdne-g01-livepc-wu-itemsthumbnails.azureedge.net/ExportedAssets/CustomizationItemTemplate_CIT_Jetpack_BasicV2_01A_hd.png"
"Pacifist Mask","https://cdne-g01-livepc-wu-itemsthumbnails.azureedge.net/ExportedAssets/CustomizationItemTemplate_CIT_Facewear_Partial_mask_04_01A_hd.png"
"Pacifist Shorts","https://cdne-g01-livepc-wu-itemsthumbnails.azureedge.net/ExportedAssets/CustomizationItemTemplate_CIT_Mriya4_Legwear_Shorts_Hippie_01A_hd.png"
"Pacifist Tac Vest","https://cdne-g01-livepc-wu-itemsthumbnails.azureedge.net/ExportedAssets/CustomizationItemTemplate_CIT_Mriya10_TacticalVest_Hippie_01A_hd.png"
"PARALYZER","https://cdne-g01-livepc-wu-itemsthumbnails.azureedge.net/ExportedAssets/BodyPart_Defiler_LeftArm_Exotic_hd.png"
"Partisan","https://cdne-g01-livepc-wu-itemsthumbnails.azureedge.net/ExportedAssets/Weapon_Weapon_AR06_S01_Exotic_hd.png"
"Partisan Heavy Barrel","https://cdne-g01-livepc-wu-itemsthumbnails.azureedge.net/ExportedAssets/WeaponAttachment_DA_WA_AR06_BRL_S03_hd.png"
"Partisan Raverunner","https://cdne-g01-livepc-wu-itemsthumbnails.azureedge.net/ExportedAssets/Weapon_Weapon_AR06_V_16A_hd.png"
"Partisan Tactical Foregrip","https://cdne-g01-livepc-wu-itemsthumbnails.azureedge.net/ExportedAssets/WeaponAttachment_DA_WA_AR06_UND_VER_04_hd.png"
"PHOSPHOR FURY ","https://cdne-g01-livepc-wu-itemsthumbnails.azureedge.net/ExportedAssets/BodyPart_Phosphorous_Dart_LeftArm_Exotic_hd.png"
"Pierser","https://cdne-g01-livepc-wu-itemsthumbnails.azureedge.net/ExportedAssets/Weapon_Weapon_SR03_S01_Exotic_hd.png"
"Pierser 4x - 8x Adjustable MR Scope","https://cdne-g01-livepc-wu-itemsthumbnails.azureedge.net/ExportedAssets/WeaponAttachment_DA_WA_SR03_SCO_ADJ_MR_01_hd.png"
"Pierser 8x - 12x Adjustable LR Scope","https://cdne-g01-livepc-wu-itemsthumbnails.azureedge.net/ExportedAssets/WeaponAttachment_DA_WA_SR03_SCO_ADJ_LR_01_hd.png"
"Pierser Heavy Barrel","https://cdne-g01-livepc-wu-itemsthumbnails.azureedge.net/ExportedAssets/WeaponAttachment_DA_WA_SR03_BRL_S03_hd.png"
"Pierser Hybrid Compensator","https://cdne-g01-livepc-wu-itemsthumbnails.azureedge.net/ExportedAssets/WeaponAttachment_DA_WA_SR03_MZL_COM_01_U_hd.png"
"Pierser Smart Scope","https://cdne-g01-livepc-wu-itemsthumbnails.azureedge.net/ExportedAssets/WeaponAttachment_DA_WA_SR03_SCO_ADJ_LR_01_U_hd.png"
"Pink Fury Cap","https://cdne-g01-livepc-wu-itemsthumbnails.azureedge.net/ExportedAssets/CustomizationItemTemplate_CIT_Headwear_Mryia10_12A_hd.png"
"Pink Fury Jetpack","https://cdne-g01-livepc-wu-itemsthumbnails.azureedge.net/ExportedAssets/CustomizationItemTemplate_CIT_Jetpack_BasicV2_12A_hd.png"
"Pink Fury Mask","https://cdne-g01-livepc-wu-itemsthumbnails.azureedge.net/ExportedAssets/CustomizationItemTemplate_CIT_Facewear_Partial_Mask_02_12A_hd.png"
"Pink Fury Puffer Vest","https://cdne-g01-livepc-wu-itemsthumbnails.azureedge.net/ExportedAssets/CustomizationItemTemplate_CIT_Kardashev6_Shirt_12A_hd.png"
"Pink Fury Shorts","https://cdne-g01-livepc-wu-itemsthumbnails.azureedge.net/ExportedAssets/CustomizationItemTemplate_CIT_Mriya10_Legwear_Shorts_12A_hd.png"
"Pink Fury Tac Vest","https://cdne-g01-livepc-wu-itemsthumbnails.azureedge.net/ExportedAssets/CustomizationItemTemplate_CIT_Mriya3_TacticalVest_12A_hd.png"
"Pioneer Eye","https://cdne-g01-livepc-wu-itemsthumbnails.azureedge.net/ExportedAssets/CustomizationItemTemplate_CIT_Eye_Cyber_Pioneers_hd.png"
"Player Zero Cap","https://cdne-g01-livepc-wu-itemsthumbnails.azureedge.net/ExportedAssets/CustomizationItemTemplate_CIT_Accessory_Starter_TanCap_BlackGold_hd.png"
"Player Zero Chest Rig","https://cdne-g01-livepc-wu-itemsthumbnails.azureedge.net/ExportedAssets/CustomizationItemTemplate_CIT_Cascadia2_TacticalVest_BlackGold_hd.png"
"Player Zero Jetpack","https://cdne-g01-livepc-wu-itemsthumbnails.azureedge.net/ExportedAssets/CustomizationItemTemplate_CIT_Jetpack_BasicV2_BlackGold_hd.png"
"Player Zero Mask","https://cdne-g01-livepc-wu-itemsthumbnails.azureedge.net/ExportedAssets/CustomizationItemTemplate_CIT_Facewear_Partial_Mask_BlackGold_hd.png"
"Player Zero Shades","https://cdne-g01-livepc-wu-itemsthumbnails.azureedge.net/ExportedAssets/CustomizationItemTemplate_CIT_HeadGear_PoliceGlasses_BlackGold_hd.png"
"Player Zero Shorts","https://cdne-g01-livepc-wu-itemsthumbnails.azureedge.net/ExportedAssets/CustomizationItemTemplate_CIT_Mriya4_Legwear_Shorts_BlackGold_hd.png"
"Player Zero Tank Top","https://cdne-g01-livepc-wu-itemsthumbnails.azureedge.net/ExportedAssets/CustomizationItemTemplate_CIT_Zero9Colt_Shirt_BlackGold_hd.png"
"Prankster Helmet","https://cdne-g01-livepc-wu-itemsthumbnails.azureedge.net/ExportedAssets/CustomizationItemTemplate_CIT_Headwear_Helmet01_Prankster_hd.png"
"Prankster Jetpack","https://cdne-g01-livepc-wu-itemsthumbnails.azureedge.net/ExportedAssets/CustomizationItemTemplate_CIT_Jetpack_BasicV2_Prankster_hd.png"
"Prankster Mask","https://cdne-g01-livepc-wu-itemsthumbnails.azureedge.net/ExportedAssets/CustomizationItemTemplate_CIT_Facewear_Partial_mask_Darkveil_Prankster_hd.png"
"Prankster Shades","https://cdne-g01-livepc-wu-itemsthumbnails.azureedge.net/ExportedAssets/CustomizationItemTemplate_CIT_Eyewear_Glasses05_Prankster_hd.png"
"Prankster Shorts","https://cdne-g01-livepc-wu-itemsthumbnails.azureedge.net/ExportedAssets/CustomizationItemTemplate_CIT_Cascadia1_Legwear_Shorts_Prankster_hd.png"
"Prankster T-Shirt","https://cdne-g01-livepc-wu-itemsthumbnails.azureedge.net/ExportedAssets/CustomizationItemTemplate_CIT_Zero2Saboteur_Shirt_Prankster_hd.png"
"Prankster Tac Vest","https://cdne-g01-livepc-wu-itemsthumbnails.azureedge.net/ExportedAssets/CustomizationItemTemplate_CIT_Cascadia1_TacticalVest_Prankster_hd.png"
"Proton","https://cdne-g01-livepc-wu-itemsthumbnails.azureedge.net/ExportedAssets/Weapon_Weapon_MR01_S01_Exotic_hd.png"
"Proton 4x - 8x Adjustable MR Scope","https://cdne-g01-livepc-wu-itemsthumbnails.azureedge.net/ExportedAssets/WeaponAttachment_DA_WA_MR01_SCO_ADJ_MR_01_hd.png"
"Proton 8x - 12x Adjustable LR Scope","https://cdne-g01-livepc-wu-itemsthumbnails.azureedge.net/ExportedAssets/WeaponAttachment_DA_WA_MR01_SCO_ADJ_LR_01_hd.png"
"Proton Heavy Barrel","https://cdne-g01-livepc-wu-itemsthumbnails.azureedge.net/ExportedAssets/WeaponAttachment_DA_WA_MR01_BRL_S03_hd.png"
"Proton Legacy","https://cdne-g01-livepc-wu-itemsthumbnails.azureedge.net/ExportedAssets/Weapon_Weapon_MR01_S03_Exotic_hd.png"
"Proton OpenSea","https://cdne-g01-livepc-wu-itemsthumbnails.azureedge.net/ExportedAssets/Weapon_Weapon_MR01_S05_Exotic_hd.png"
"Proton Retro","https://cdne-g01-livepc-wu-itemsthumbnails.azureedge.net/ExportedAssets/Weapon_Weapon_MR01_S02_Exotic_hd.png"
"Proton Tactical Foregrip","https://cdne-g01-livepc-wu-itemsthumbnails.azureedge.net/ExportedAssets/WeaponAttachment_DA_WA_MR01_UND_VER_04_hd.png"
"Raptor Goggles","https://cdne-g01-livepc-wu-itemsthumbnails.azureedge.net/ExportedAssets/CustomizationItemTemplate_CIT_HeadGear_004_hd.png"
"Raverunner Cap","https://cdne-g01-livepc-wu-itemsthumbnails.azureedge.net/ExportedAssets/CustomizationItemTemplate_CIT_Headwear_Mryia10_Raver_16A_hd.png"
"Raverunner Chest Rig","https://cdne-g01-livepc-wu-itemsthumbnails.azureedge.net/ExportedAssets/CustomizationItemTemplate_CIT_Zero1Emma_TacticalVest_Raver_16A_hd.png"
"Raverunner Jetpack","https://cdne-g01-livepc-wu-itemsthumbnails.azureedge.net/ExportedAssets/CustomizationItemTemplate_CIT_Jetpack_BasicV2_Raver_16A_hd.png"
"Raverunner Mask","https://cdne-g01-livepc-wu-itemsthumbnails.azureedge.net/ExportedAssets/CustomizationItemTemplate_CIT_Facewear_FullFaceMask_07_Raver_16A_hd.png"
"Raverunner Shirt","https://cdne-g01-livepc-wu-itemsthumbnails.azureedge.net/ExportedAssets/CustomizationItemTemplate_CIT_Zero2Crow_Shirt_Raver_16A_hd.png"
"Raverunner Shorts","https://cdne-g01-livepc-wu-itemsthumbnails.azureedge.net/ExportedAssets/CustomizationItemTemplate_CIT_Zero2Crow_Shorts_Raver_16A_hd.png"
"RECON DRONE","https://cdne-g01-livepc-wu-itemsthumbnails.azureedge.net/ExportedAssets/BodyPart_ReconDroneArm_LeftArm_Exotic_hd.png"
"Red Set","https://cdne-g01-livepc-wu-itemsthumbnails.azureedge.net/ExportedAssets/CustomizationItemTemplate_CIT_SET_RightWing_19A_hd.png"
"Retro Mop Cut","https://cdne-g01-livepc-wu-itemsthumbnails.azureedge.net/ExportedAssets/CustomizationItemTemplate_CIT_Haircut_02_hd.png"
"Retro Mop Cut - Blond","https://cdne-g01-livepc-wu-itemsthumbnails.azureedge.net/ExportedAssets/CustomizationItemTemplate_CIT_Haircut_02_Blond_hd.png"
"Retro Mop Cut - Brown","https://cdne-g01-livepc-wu-itemsthumbnails.azureedge.net/ExportedAssets/CustomizationItemTemplate_CIT_Haircut_02_Brown_hd.png"
"Retro Mop Cut - Cyan","https://cdne-g01-livepc-wu-itemsthumbnails.azureedge.net/ExportedAssets/CustomizationItemTemplate_CIT_Haircut_02_Cyan_hd.png"
"Retro Mop Cut - Green","https://cdne-g01-livepc-wu-itemsthumbnails.azureedge.net/ExportedAssets/CustomizationItemTemplate_CIT_Haircut_02_Green_hd.png"
"Retro Mop Cut - Orange","https://cdne-g01-livepc-wu-itemsthumbnails.azureedge.net/ExportedAssets/CustomizationItemTemplate_CIT_Haircut_02_Orange_hd.png"
"Retro Mop Cut - Pink","https://cdne-g01-livepc-wu-itemsthumbnails.azureedge.net/ExportedAssets/CustomizationItemTemplate_CIT_Haircut_02_Pink_hd.png"
"RIPPER","https://cdne-g01-livepc-wu-itemsthumbnails.azureedge.net/ExportedAssets/BodyPart_Katana_LeftArm_Exotic_hd.png"
"ROADRUNNERS","https://cdne-g01-livepc-wu-itemsthumbnails.azureedge.net/ExportedAssets/BodyPart_SuperSprint_Legs_Exotic_hd.png"
"S-Comms Helmet","https://cdne-g01-livepc-wu-itemsthumbnails.azureedge.net/ExportedAssets/CustomizationItemTemplate_CIT_Headwear_Helmet_03_hd.png"
"Scump Set","https://cdne-g01-livepc-wu-itemsthumbnails.azureedge.net/ExportedAssets/CustomizationItemTemplate_CIT_SET_Scump_22A_hd.png"
"Shuriken","https://cdne-g01-livepc-wu-itemsthumbnails.azureedge.net/ExportedAssets/CustomizationItemTemplate_CIT_Eye_Cyber__25_hd.png"
"SKUNKPAW","https://cdne-g01-livepc-wu-itemsthumbnails.azureedge.net/ExportedAssets/BodyPart_ToxicSmoke_RightArm_Exotic_hd.png"
"SLAMFIST","https://cdne-g01-livepc-wu-itemsthumbnails.azureedge.net/ExportedAssets/BodyPart_GorillaArm_RightArm_Exotic_hd.png"
"SLUGGER","https://cdne-g01-livepc-wu-itemsthumbnails.azureedge.net/ExportedAssets/BodyPart_StickyGoo_LeftArm_Exotic_hd.png"
"Snow and Blow ","https://cdne-g01-livepc-wu-itemsthumbnails.azureedge.net/ExportedAssets/CustomizationItemTemplate_CIT_Emote_Santa_21A_hd.png"
"Squall","https://cdne-g01-livepc-wu-itemsthumbnails.azureedge.net/ExportedAssets/Weapon_Weapon_SHG01_S01_Exotic_hd.png"
"Squall Combat DJ","https://cdne-g01-livepc-wu-itemsthumbnails.azureedge.net/ExportedAssets/Weapon_Weapon_SHG01_V_46A_Exotic_hd.png"
"Squall Heavy Barrel","https://cdne-g01-livepc-wu-itemsthumbnails.azureedge.net/ExportedAssets/WeaponAttachment_DA_WA_SHG01_BRL_S03_hd.png"
"Squall Legacy","https://cdne-g01-livepc-wu-itemsthumbnails.azureedge.net/ExportedAssets/Weapon_Weapon_SHG01_S03_Exotic_hd.png"
"Squall Retro","https://cdne-g01-livepc-wu-itemsthumbnails.azureedge.net/ExportedAssets/Weapon_Weapon_SHG01_S02_Exotic_hd.png"
"Squall Tactical Foregrip","https://cdne-g01-livepc-wu-itemsthumbnails.azureedge.net/ExportedAssets/WeaponAttachment_DA_WA_SHG01_UND_VER_04_hd.png"
"Star-Shaped Beard","https://cdne-g01-livepc-wu-itemsthumbnails.azureedge.net/ExportedAssets/CustomizationItemTemplate_CIT_FacialHair_17_hd.png"
"Star-Shaped Beard - Blond","https://cdne-g01-livepc-wu-itemsthumbnails.azureedge.net/ExportedAssets/CustomizationItemTemplate_CIT_FacialHair_17_Blond_hd.png"
"Star-Shaped Beard - Brown","https://cdne-g01-livepc-wu-itemsthumbnails.azureedge.net/ExportedAssets/CustomizationItemTemplate_CIT_FacialHair_17_Brown_hd.png"
"Star-Shaped Beard - Cyan","https://cdne-g01-livepc-wu-itemsthumbnails.azureedge.net/ExportedAssets/CustomizationItemTemplate_CIT_FacialHair_17_Cyan_hd.png"
"Star-Shaped Beard - Green","https://cdne-g01-livepc-wu-itemsthumbnails.azureedge.net/ExportedAssets/CustomizationItemTemplate_CIT_FacialHair_17_Green_hd.png"
"Star-Shaped Beard - Orange","https://cdne-g01-livepc-wu-itemsthumbnails.azureedge.net/ExportedAssets/CustomizationItemTemplate_CIT_FacialHair_17_Orange_hd.png"
"Star-Shaped Beard - Pink","https://cdne-g01-livepc-wu-itemsthumbnails.azureedge.net/ExportedAssets/CustomizationItemTemplate_CIT_FacialHair_17_Pink_hd.png"
"Street Fighter Pants","https://cdne-g01-livepc-wu-itemsthumbnails.azureedge.net/ExportedAssets/CustomizationItemTemplate_CIT_Zero7Assassin_Pants_Long_hd.png"
"Tacoma","https://cdne-g01-livepc-wu-itemsthumbnails.azureedge.net/ExportedAssets/Weapon_Weapon_SMG02_S01_Exotic_hd.png"
"Tacoma AVAX Gen 04","https://cdne-g01-livepc-wu-itemsthumbnails.azureedge.net/ExportedAssets/Weapon_Weapon_SMG02_S04_Exotic_hd.png"
"Tacoma Heavy Barrel","https://cdne-g01-livepc-wu-itemsthumbnails.azureedge.net/ExportedAssets/WeaponAttachment_DA_WA_SMG02_BRL_S03_hd.png"
"Tacoma Legacy","https://cdne-g01-livepc-wu-itemsthumbnails.azureedge.net/ExportedAssets/Weapon_Weapon_SMG02_S03_Exotic_hd.png"
"Tacoma Retro","https://cdne-g01-livepc-wu-itemsthumbnails.azureedge.net/ExportedAssets/Weapon_Weapon_SMG02_S02_Exotic_hd.png"
"Tagger Cap","https://cdne-g01-livepc-wu-itemsthumbnails.azureedge.net/ExportedAssets/CustomizationItemTemplate_CIT_Headwear_Mryia10_15A_hd.png"
"Tagger Chest Rig","https://cdne-g01-livepc-wu-itemsthumbnails.azureedge.net/ExportedAssets/CustomizationItemTemplate_CIT_Kardashev7_TacticalVest_15A_hd.png"
"Tagger Face Cover","https://cdne-g01-livepc-wu-itemsthumbnails.azureedge.net/ExportedAssets/CustomizationItemTemplate_CIT_Facewear_Bandana_15A_hd.png"
"Tagger Jetpack","https://cdne-g01-livepc-wu-itemsthumbnails.azureedge.net/ExportedAssets/CustomizationItemTemplate_CIT_Jetpack_BasicV2_15A_hd.png"
"Tagger Shades","https://cdne-g01-livepc-wu-itemsthumbnails.azureedge.net/ExportedAssets/CustomizationItemTemplate_CIT_HeadGear_PoliceGlasses_15A_hd.png"
"Tagger Shorts","https://cdne-g01-livepc-wu-itemsthumbnails.azureedge.net/ExportedAssets/CustomizationItemTemplate_CIT_Mriya4_Legwear_Shorts_15A_hd.png"
"Tagger Tank Top","https://cdne-g01-livepc-wu-itemsthumbnails.azureedge.net/ExportedAssets/CustomizationItemTemplate_CIT_Zero3Gang_Shirt_15A_hd.png"
"Tap 9 All Stars","https://cdne-g01-livepc-wu-itemsthumbnails.azureedge.net/ExportedAssets/Weapon_Weapon_SA01_V_20A_hd.png"
"TAP9","https://cdne-g01-livepc-wu-itemsthumbnails.azureedge.net/ExportedAssets/Weapon_Weapon_SA01_S01_Exotic_hd.png"
"Tap9 All Stars","https://cdne-g01-livepc-wu-itemsthumbnails.azureedge.net/ExportedAssets/Weapon_Weapon_SA01_V_20A_hd.png"
"TAP9 Heavy Barrel","https://cdne-g01-livepc-wu-itemsthumbnails.azureedge.net/ExportedAssets/WeaponAttachment_DA_WA_SA01_BRL_S03_hd.png"
"TAP9 Legacy","https://cdne-g01-livepc-wu-itemsthumbnails.azureedge.net/ExportedAssets/Weapon_Weapon_SA01_S03_Exotic_hd.png"
"TAP9 Pacifist","https://cdne-g01-livepc-wu-itemsthumbnails.azureedge.net/ExportedAssets/Weapon_Weapon_SA01_V_01A_Exotic_hd.png"
"TAP9 Retro","https://cdne-g01-livepc-wu-itemsthumbnails.azureedge.net/ExportedAssets/Weapon_Weapon_SA01_S02_Exotic_hd.png"
"Techno Goth Mohawk","https://cdne-g01-livepc-wu-itemsthumbnails.azureedge.net/ExportedAssets/CustomizationItemTemplate_CIT_Haircut_18_hd.png"
"Techno Goth Mohawk - Blond","https://cdne-g01-livepc-wu-itemsthumbnails.azureedge.net/ExportedAssets/CustomizationItemTemplate_CIT_Haircut_18_Blond_hd.png"
"Techno Goth Mohawk - Brown","https://cdne-g01-livepc-wu-itemsthumbnails.azureedge.net/ExportedAssets/CustomizationItemTemplate_CIT_Haircut_18_Brown_hd.png"
"Techno Goth Mohawk - Cyan","https://cdne-g01-livepc-wu-itemsthumbnails.azureedge.net/ExportedAssets/CustomizationItemTemplate_CIT_Haircut_18_Cyan_hd.png"
"Techno Goth Mohawk - Green","https://cdne-g01-livepc-wu-itemsthumbnails.azureedge.net/ExportedAssets/CustomizationItemTemplate_CIT_Haircut_18_Green_hd.png"
"Techno Goth Mohawk - Orange","https://cdne-g01-livepc-wu-itemsthumbnails.azureedge.net/ExportedAssets/CustomizationItemTemplate_CIT_Haircut_18_Orange_hd.png"
"Techno Goth Mohawk - Pink","https://cdne-g01-livepc-wu-itemsthumbnails.azureedge.net/ExportedAssets/CustomizationItemTemplate_CIT_Haircut_18_Pink_hd.png"
"Techno Tantrum","https://cdne-g01-livepc-wu-itemsthumbnails.azureedge.net/ExportedAssets/CustomizationItemTemplate_CIT_Emote_017_hd.png"
"Templar Helmet","https://cdne-g01-livepc-wu-itemsthumbnails.azureedge.net/ExportedAssets/CustomizationItemTemplate_CIT_Headwear_Helmet_02_13A_hd.png"
"Templar Jetpack","https://cdne-g01-livepc-wu-itemsthumbnails.azureedge.net/ExportedAssets/CustomizationItemTemplate_CIT_Jetpack_BasicV2_13A_hd.png"
"Templar Mask","https://cdne-g01-livepc-wu-itemsthumbnails.azureedge.net/ExportedAssets/CustomizationItemTemplate_CIT_Facewear_FencingMask_13A_hd.png"
"Templar Shorts","https://cdne-g01-livepc-wu-itemsthumbnails.azureedge.net/ExportedAssets/CustomizationItemTemplate_CIT_Zero3Gang_Pants_13A_hd.png"
"Templar T-shirt","https://cdne-g01-livepc-wu-itemsthumbnails.azureedge.net/ExportedAssets/CustomizationItemTemplate_CIT_Cascadia2_Shirt_13A_hd.png"
"Templar Tac Vest","https://cdne-g01-livepc-wu-itemsthumbnails.azureedge.net/ExportedAssets/CustomizationItemTemplate_CIT_Zero2Saboteur_TacticalVest_13A_hd.png"
"Terikon","https://cdne-g01-livepc-wu-itemsthumbnails.azureedge.net/ExportedAssets/Weapon_Weapon_AR01_S01_Exotic_hd.png"
"Terikon Heavy Barrel","https://cdne-g01-livepc-wu-itemsthumbnails.azureedge.net/ExportedAssets/WeaponAttachment_DA_WA_AR01_BRL_S03_hd.png"
"Terikon Legacy","https://cdne-g01-livepc-wu-itemsthumbnails.azureedge.net/ExportedAssets/Weapon_Weapon_AR01_S03_Exotic_hd.png"
"Terikon Maniac","https://cdne-g01-livepc-wu-itemsthumbnails.azureedge.net/ExportedAssets/Weapon_Weapon_AR01_V23A_hd.png"
"Terikon Retro","https://cdne-g01-livepc-wu-itemsthumbnails.azureedge.net/ExportedAssets/Weapon_Weapon_AR01_S02_Exotic_hd.png"
"Terikon Tactical Foregrip","https://cdne-g01-livepc-wu-itemsthumbnails.azureedge.net/ExportedAssets/WeaponAttachment_DA_WA_AR01_UND_VER_04_hd.png"
"Thick Stitch Cornrows","https://cdne-g01-livepc-wu-itemsthumbnails.azureedge.net/ExportedAssets/CustomizationItemTemplate_CIT_Haircut_14_hd.png"
"Thick Stitch Cornrows - Blond","https://cdne-g01-livepc-wu-itemsthumbnails.azureedge.net/ExportedAssets/CustomizationItemTemplate_CIT_Haircut_14_Blond_hd.png"
"Thick Stitch Cornrows - Brown","https://cdne-g01-livepc-wu-itemsthumbnails.azureedge.net/ExportedAssets/CustomizationItemTemplate_CIT_Haircut_14_Brown_hd.png"
"Thick Stitch Cornrows - Cyan","https://cdne-g01-livepc-wu-itemsthumbnails.azureedge.net/ExportedAssets/CustomizationItemTemplate_CIT_Haircut_14_Cyan_hd.png"
"Thick Stitch Cornrows - Green","https://cdne-g01-livepc-wu-itemsthumbnails.azureedge.net/ExportedAssets/CustomizationItemTemplate_CIT_Haircut_14_Green_hd.png"
"Thick Stitch Cornrows - Orange","https://cdne-g01-livepc-wu-itemsthumbnails.azureedge.net/ExportedAssets/CustomizationItemTemplate_CIT_Haircut_14_Orange_hd.png"
"Thick Stitch Cornrows - Pink","https://cdne-g01-livepc-wu-itemsthumbnails.azureedge.net/ExportedAssets/CustomizationItemTemplate_CIT_Haircut_14_Pink_hd.png"
"Thor Beard","https://cdne-g01-livepc-wu-itemsthumbnails.azureedge.net/ExportedAssets/CustomizationItemTemplate_CIT_FacialHair_19_hd.png"
"Thor Beard - Blond","https://cdne-g01-livepc-wu-itemsthumbnails.azureedge.net/ExportedAssets/CustomizationItemTemplate_CIT_FacialHair_19_Blond_hd.png"
"Thor Beard - Brown","https://cdne-g01-livepc-wu-itemsthumbnails.azureedge.net/ExportedAssets/CustomizationItemTemplate_CIT_FacialHair_19_Brown_hd.png"
"Thor Beard - Cyan","https://cdne-g01-livepc-wu-itemsthumbnails.azureedge.net/ExportedAssets/CustomizationItemTemplate_CIT_FacialHair_19_Cyan_hd.png"
"Thor Beard - Green","https://cdne-g01-livepc-wu-itemsthumbnails.azureedge.net/ExportedAssets/CustomizationItemTemplate_CIT_FacialHair_19_Green_hd.png"
"Thor Beard - Pink","https://cdne-g01-livepc-wu-itemsthumbnails.azureedge.net/ExportedAssets/CustomizationItemTemplate_CIT_FacialHair_19_Pink_hd.png"
"Thor Beard -Orange","https://cdne-g01-livepc-wu-itemsthumbnails.azureedge.net/ExportedAssets/CustomizationItemTemplate_CIT_FacialHair_19_Orange_hd.png"
"Throne of Games","https://cdne-g01-livepc-wu-itemsthumbnails.azureedge.net/ExportedAssets/CustomizationItemTemplate_CIT_Emote_015_hd.png"
"THUMPERS","https://cdne-g01-livepc-wu-itemsthumbnails.azureedge.net/ExportedAssets/BodyPart_MortarLegs_Legs_Exotic_hd.png"
"Toss My Fruit Salad","https://cdne-g01-livepc-wu-itemsthumbnails.azureedge.net/ExportedAssets/CustomizationItemTemplate_CIT_Emote_Gangster_45A_hd.png"
"TRIPMINE","https://cdne-g01-livepc-wu-itemsthumbnails.azureedge.net/ExportedAssets/BodyPart_SpiderMine_RightArm_Exotic_hd.png"
"Type 227","https://cdne-g01-livepc-wu-itemsthumbnails.azureedge.net/ExportedAssets/Weapon_Weapon_SA02_S01_Exotic_hd.png"
"Type 227 Heavy Barrel","https://cdne-g01-livepc-wu-itemsthumbnails.azureedge.net/ExportedAssets/WeaponAttachment_DA_WA_SA02_BRL_S03_hd.png"
"Type 227 Impact Junkie","https://cdne-g01-livepc-wu-itemsthumbnails.azureedge.net/ExportedAssets/Weapon_Weapon_SA02_V_03A_Exotic_hd.png"
"Type 227 Legacy","https://cdne-g01-livepc-wu-itemsthumbnails.azureedge.net/ExportedAssets/Weapon_Weapon_SA02_S03_Exotic_hd.png"
"Type 227 Retro","https://cdne-g01-livepc-wu-itemsthumbnails.azureedge.net/ExportedAssets/Weapon_Weapon_SA02_S02_Exotic_hd.png"
"Type 227 Sleigh Baller","https://cdne-g01-livepc-wu-itemsthumbnails.azureedge.net/ExportedAssets/Weapon_Weapon_SA02_V_21A_hd.png"
"Vulture","https://cdne-g01-livepc-wu-itemsthumbnails.azureedge.net/ExportedAssets/Weapon_Weapon_AR05_S01_Exotic_hd.png"
"Vulture CyberGoth","https://cdne-g01-livepc-wu-itemsthumbnails.azureedge.net/ExportedAssets/Weapon_Weapon_AR05_V_06A_hd.png"
"Vulture Heavy Barrel","https://cdne-g01-livepc-wu-itemsthumbnails.azureedge.net/ExportedAssets/WeaponAttachment_DA_WA_AR05_BRL_S03_hd.png"
"Vulture Legacy","https://cdne-g01-livepc-wu-itemsthumbnails.azureedge.net/ExportedAssets/Weapon_Weapon_AR05_S03_Exotic_hd.png"
"Vulture Pink Fury","https://cdne-g01-livepc-wu-itemsthumbnails.azureedge.net/ExportedAssets/Weapon_Weapon_AR05_V_12A_hd.png"
"Vulture Retro","https://cdne-g01-livepc-wu-itemsthumbnails.azureedge.net/ExportedAssets/Weapon_Weapon_AR05_S02_Exotic_hd.png"
"Vulture Tactical Foregrip","https://cdne-g01-livepc-wu-itemsthumbnails.azureedge.net/ExportedAssets/WeaponAttachment_DA_WA_AR05_UND_VER_04_hd.png"
"Woodpecker","https://cdne-g01-livepc-wu-itemsthumbnails.azureedge.net/ExportedAssets/Weapon_Weapon_SMG04_S01_Exotic_hd.png"
"Woodpecker Heavy Barrel","https://cdne-g01-livepc-wu-itemsthumbnails.azureedge.net/ExportedAssets/WeaponAttachment_DA_WA_SMG04_BRL_S03_hd.png"
"Woodpecker Legacy","https://cdne-g01-livepc-wu-itemsthumbnails.azureedge.net/ExportedAssets/Weapon_Weapon_SMG04_S03_Exotic_hd.png"
"Woodpecker Prankster","https://cdne-g01-livepc-wu-itemsthumbnails.azureedge.net/ExportedAssets/Weapon_Weapon_SMG04_V01_Prankster_Exotic_hd.png"
"Woodpecker Retro","https://cdne-g01-livepc-wu-itemsthumbnails.azureedge.net/ExportedAssets/Weapon_Weapon_SMG04_S02_Exotic_hd.png"
"ZipperMouth Mask","https://cdne-g01-livepc-wu-itemsthumbnails.azureedge.net/ExportedAssets/CustomizationItemTemplate_CIT_Facewear_FullFaceMask_01_Prisoner_hd.png"
